Product Category,Revenue,Orders,Quantity,Customers,AOV
Baby Products,2530.62,65,151,54,38.93261538461538
Beauty,2401.25,70,86,62,34.30357142857143
Beverages,2369.69,77,201,63,30.775194805194808
Groceries,1829.0,71,149,55,25.760563380281692
Home Care,1541.88,82,144,60,18.803414634146343
Personal Care,1275.5,76,113,65,16.782894736842106
Snacks,904.02,59,132,51,15.322372881355932
