Discount Used,Revenue,Orders,Customers,AOV
No,7721.82,286,147,26.999370629370627
Yes,5130.14,214,120,23.97261682242991
