Recency Bucket,Customers,Revenue,Orders,AOV
0-30 days,123,4690.22,191,24.556125654450263
31-60 days,56,1919.27,67,28.645820895522387
61-90 days,68,2242.53,81,27.68555555555556
90+ days,103,3999.94,161,24.844347826086956
