Region,Revenue,Orders,Customers,AOV
Midwest,2280.57,87,29,26.21344827586207
Northeast,2778.69,104,33,26.718173076923076
South,3388.36,132,47,25.66939393939394
West,4404.34,177,61,24.883276836158192
