Purchase Channel,Revenue,Orders,Customers,AOV
Mobile App,5866.42,230,129,25.50617391304348
Store,2937.59,118,92,24.894830508474577
Website,4047.95,152,105,26.631249999999998
