Loyalty Status,Revenue,Orders,Customers,AOV
Gold,4091.04,168,57,24.35142857142857
Silver,4258.71,152,55,28.01782894736842
