Order Month,Revenue,Orders,Customers,AOV
2025-12,1686.59,65,54,25.94753846153846
2026-01,2091.67,86,64,24.321744186046512
2026-02,2061.04,78,64,26.423589743589744
2026-03,2288.15,81,68,28.248765432098768
2026-04,2081.26,82,68,25.381219512195123
2026-05,2457.91,99,77,24.827373737373737
2026-06,185.34,9,8,20.593333333333334
