Payment Method,Revenue,Orders,Customers,AOV
Cash,1476.93,57,50,25.911052631578947
Credit Card,5542.93,212,128,26.145896226415097
Debit Card,2983.26,114,85,26.168947368421055
Net Banking,197.64,14,12,14.117142857142856
UPI/Wallet,2455.15,97,79,25.310824742268043
Unknown,196.04999999999998,6,6,32.675
