Customer Segment,Revenue,Orders,Customers,AOV
Budget Buyers,2669.94,101,33,26.435049504950495
Family Shoppers,3248.58,133,43,24.425413533834586
High Value,4663.2300000000005,184,63,25.34364130434783
Young Professionals,2270.21,82,31,27.68548780487805
